filename,fold,target,category,risk

bird0.wav,1,5,bird,low
bird1.wav,1,5,bird,low
bird10.wav,1,5,bird,low
bird100.wav,1,5,bird,low
bird1000.wav,1,5,bird,low
bird1001.wav,1,5,bird,low
bird1002.wav,1,5,bird,low
bird1003.wav,1,5,bird,low
bird1004.wav,1,5,bird,low
bird1005.wav,1,5,bird,low
bird1006.wav,1,5,bird,low
bird1007.wav,1,5,bird,low
bird1008.wav,1,5,bird,low
bird1009.wav,1,5,bird,low
bird101.wav,1,5,bird,low
bird1010.wav,1,5,bird,low
bird1011.wav,1,5,bird,low
bird1012.wav,1,5,bird,low
bird1013.wav,1,5,bird,low
bird1014.wav,1,5,bird,low
bird1015.wav,1,5,bird,low
bird1016.wav,1,5,bird,low
bird1017.wav,1,5,bird,low
bird1018.wav,1,5,bird,low
bird1019.wav,1,5,bird,low
bird102.wav,1,5,bird,low
bird1020.wav,1,5,bird,low
bird1021.wav,1,5,bird,low
bird1022.wav,1,5,bird,low
bird1023.wav,1,5,bird,low
bird1024.wav,1,5,bird,low
bird1025.wav,1,5,bird,low
bird1026.wav,1,5,bird,low
bird1027.wav,1,5,bird,low
bird1028.wav,1,5,bird,low
bird1029.wav,1,5,bird,low
bird103.wav,1,5,bird,low
bird1030.wav,1,5,bird,low
bird1031.wav,1,5,bird,low
bird1032.wav,1,5,bird,low
bird1033.wav,1,5,bird,low
bird1034.wav,1,5,bird,low
bird1035.wav,1,5,bird,low
bird1036.wav,1,5,bird,low
bird1037.wav,1,5,bird,low
bird1038.wav,1,5,bird,low
bird1039.wav,1,5,bird,low
bird104.wav,1,5,bird,low
bird1040.wav,1,5,bird,low
bird1041.wav,1,5,bird,low
bird1042.wav,1,5,bird,low
bird1043.wav,1,5,bird,low
bird1044.wav,1,5,bird,low
bird1045.wav,1,5,bird,low
bird1046.wav,1,5,bird,low
bird1047.wav,1,5,bird,low
bird1048.wav,1,5,bird,low
bird1049.wav,1,5,bird,low
bird105.wav,1,5,bird,low
bird1050.wav,1,5,bird,low
bird1051.wav,1,5,bird,low
bird1052.wav,1,5,bird,low
bird1053.wav,1,5,bird,low
bird1054.wav,1,5,bird,low
bird1055.wav,1,5,bird,low
bird1056.wav,1,5,bird,low
bird1057.wav,1,5,bird,low
bird1058.wav,1,5,bird,low
bird1059.wav,1,5,bird,low
bird106.wav,1,5,bird,low
bird1060.wav,1,5,bird,low
bird1061.wav,1,5,bird,low
bird1062.wav,1,5,bird,low
bird1063.wav,1,5,bird,low
bird1064.wav,1,5,bird,low
bird1065.wav,1,5,bird,low
bird1066.wav,1,5,bird,low
bird1067.wav,1,5,bird,low
bird1068.wav,1,5,bird,low
bird1069.wav,1,5,bird,low
bird107.wav,1,5,bird,low
bird1070.wav,1,5,bird,low
bird1071.wav,1,5,bird,low
bird1072.wav,1,5,bird,low
bird1073.wav,1,5,bird,low
bird1074.wav,1,5,bird,low
bird1075.wav,1,5,bird,low
bird1076.wav,1,5,bird,low
bird1077.wav,1,5,bird,low
bird1078.wav,1,5,bird,low
bird1079.wav,1,5,bird,low
bird108.wav,1,5,bird,low
bird1080.wav,1,5,bird,low
bird1081.wav,1,5,bird,low
bird1082.wav,1,5,bird,low
bird1083.wav,1,5,bird,low
bird1084.wav,1,5,bird,low
bird1085.wav,1,5,bird,low
bird1086.wav,1,5,bird,low
bird1087.wav,1,5,bird,low
bird1088.wav,1,5,bird,low
bird1089.wav,1,5,bird,low
bird109.wav,1,5,bird,low
bird1090.wav,1,5,bird,low
bird1091.wav,1,5,bird,low
bird1092.wav,1,5,bird,low
bird1093.wav,1,5,bird,low
bird1094.wav,1,5,bird,low
bird1095.wav,1,5,bird,low
bird1096.wav,1,5,bird,low
bird1097.wav,1,5,bird,low
bird1098.wav,1,5,bird,low
bird1099.wav,1,5,bird,low
bird11.wav,1,5,bird,low
bird110.wav,1,5,bird,low
bird1100.wav,1,5,bird,low
bird1101.wav,1,5,bird,low
bird1102.wav,1,5,bird,low
bird1103.wav,1,5,bird,low
bird1104.wav,1,5,bird,low
bird1105.wav,1,5,bird,low
bird1106.wav,1,5,bird,low
bird1107.wav,1,5,bird,low
bird1108.wav,1,5,bird,low
bird1109.wav,1,5,bird,low
bird111.wav,1,5,bird,low
bird1110.wav,1,5,bird,low
bird1111.wav,1,5,bird,low
bird1112.wav,1,5,bird,low
bird1113.wav,1,5,bird,low
bird1114.wav,1,5,bird,low
bird1115.wav,1,5,bird,low
bird1116.wav,1,5,bird,low
bird1117.wav,1,5,bird,low
bird1118.wav,1,5,bird,low
bird1119.wav,1,5,bird,low
bird112.wav,1,5,bird,low
bird1120.wav,1,5,bird,low
bird1121.wav,1,5,bird,low
bird1122.wav,1,5,bird,low
bird1123.wav,1,5,bird,low
bird1124.wav,1,5,bird,low
bird1125.wav,1,5,bird,low
bird1126.wav,1,5,bird,low
bird1127.wav,1,5,bird,low
bird1128.wav,1,5,bird,low
bird1129.wav,1,5,bird,low
bird113.wav,1,5,bird,low
bird1130.wav,1,5,bird,low
bird1131.wav,1,5,bird,low
bird1132.wav,1,5,bird,low
bird1133.wav,1,5,bird,low
bird1134.wav,1,5,bird,low
bird1135.wav,1,5,bird,low
bird1136.wav,1,5,bird,low
bird1137.wav,1,5,bird,low
bird1138.wav,1,5,bird,low
bird1139.wav,1,5,bird,low
bird114.wav,1,5,bird,low
bird1140.wav,1,5,bird,low
bird1141.wav,1,5,bird,low
bird1142.wav,1,5,bird,low
bird1143.wav,1,5,bird,low
bird1144.wav,1,5,bird,low
bird1145.wav,1,5,bird,low
bird1146.wav,1,5,bird,low
bird1147.wav,1,5,bird,low
bird1148.wav,1,5,bird,low
bird1149.wav,1,5,bird,low
bird115.wav,1,5,bird,low
bird1150.wav,1,5,bird,low
bird1151.wav,1,5,bird,low
bird1152.wav,1,5,bird,low
bird1153.wav,1,5,bird,low
bird1154.wav,1,5,bird,low
bird1155.wav,1,5,bird,low
bird1156.wav,1,5,bird,low
bird1157.wav,1,5,bird,low
bird1158.wav,1,5,bird,low
bird1159.wav,1,5,bird,low
bird116.wav,1,5,bird,low
bird1160.wav,1,5,bird,low
bird1161.wav,1,5,bird,low
bird1162.wav,1,5,bird,low
bird1163.wav,1,5,bird,low
bird1164.wav,1,5,bird,low
bird1165.wav,1,5,bird,low
bird1166.wav,1,5,bird,low
bird1167.wav,1,5,bird,low
bird1168.wav,1,5,bird,low
bird1169.wav,1,5,bird,low
bird117.wav,1,5,bird,low
bird1170.wav,1,5,bird,low
bird1171.wav,1,5,bird,low
bird1172.wav,1,5,bird,low
bird1173.wav,1,5,bird,low
bird1174.wav,1,5,bird,low
bird1175.wav,1,5,bird,low
bird1176.wav,1,5,bird,low
bird1177.wav,1,5,bird,low
bird1178.wav,1,5,bird,low
bird1179.wav,1,5,bird,low
bird118.wav,1,5,bird,low
bird1180.wav,1,5,bird,low
bird1181.wav,1,5,bird,low
bird1182.wav,1,5,bird,low
bird1183.wav,1,5,bird,low
bird1184.wav,1,5,bird,low
bird1185.wav,1,5,bird,low
bird1186.wav,1,5,bird,low
bird1187.wav,1,5,bird,low
bird1188.wav,1,5,bird,low
bird1189.wav,1,5,bird,low
bird119.wav,1,5,bird,low
bird1190.wav,1,5,bird,low
bird1191.wav,1,5,bird,low
bird1192.wav,1,5,bird,low
bird1193.wav,1,5,bird,low
bird1194.wav,1,5,bird,low
bird1195.wav,1,5,bird,low
bird1196.wav,1,5,bird,low
bird1197.wav,1,5,bird,low
bird1198.wav,1,5,bird,low
bird1199.wav,1,5,bird,low
bird12.wav,1,5,bird,low
bird120.wav,1,5,bird,low
bird1200.wav,1,5,bird,low
bird1201.wav,1,5,bird,low
bird1202.wav,1,5,bird,low
bird1203.wav,1,5,bird,low
bird1204.wav,1,5,bird,low
bird1205.wav,1,5,bird,low
bird1206.wav,1,5,bird,low
bird1207.wav,1,5,bird,low
bird1208.wav,1,5,bird,low
bird1209.wav,1,5,bird,low
bird121.wav,1,5,bird,low
bird1210.wav,1,5,bird,low
bird1211.wav,1,5,bird,low
bird1212.wav,1,5,bird,low
bird1213.wav,1,5,bird,low
bird1214.wav,1,5,bird,low
bird1215.wav,1,5,bird,low
bird1216.wav,1,5,bird,low
bird1217.wav,1,5,bird,low
bird1218.wav,1,5,bird,low
bird1219.wav,1,5,bird,low
bird122.wav,1,5,bird,low
bird1220.wav,1,5,bird,low
bird1221.wav,1,5,bird,low
bird1222.wav,1,5,bird,low
bird1223.wav,1,5,bird,low
bird1224.wav,1,5,bird,low
bird1225.wav,1,5,bird,low
bird1226.wav,1,5,bird,low
bird1227.wav,1,5,bird,low
bird1228.wav,1,5,bird,low
bird1229.wav,1,5,bird,low
bird123.wav,1,5,bird,low
bird1230.wav,1,5,bird,low
bird1231.wav,1,5,bird,low
bird1232.wav,1,5,bird,low
bird1233.wav,1,5,bird,low
bird1234.wav,1,5,bird,low
bird1235.wav,1,5,bird,low
bird1236.wav,1,5,bird,low
bird1237.wav,1,5,bird,low
bird1238.wav,1,5,bird,low
bird1239.wav,1,5,bird,low
bird124.wav,1,5,bird,low
bird1240.wav,1,5,bird,low
bird1241.wav,1,5,bird,low
bird1242.wav,1,5,bird,low
bird1243.wav,1,5,bird,low
bird1244.wav,1,5,bird,low
bird1245.wav,1,5,bird,low
bird1246.wav,1,5,bird,low
bird1247.wav,1,5,bird,low
bird1248.wav,1,5,bird,low
bird1249.wav,1,5,bird,low
bird125.wav,1,5,bird,low
bird1250.wav,1,5,bird,low
bird1251.wav,1,5,bird,low
bird1252.wav,1,5,bird,low
bird1253.wav,1,5,bird,low
bird1254.wav,1,5,bird,low
bird1255.wav,1,5,bird,low
bird1256.wav,1,5,bird,low
bird1257.wav,1,5,bird,low
bird1258.wav,1,5,bird,low
bird1259.wav,1,5,bird,low
bird126.wav,1,5,bird,low
bird1260.wav,1,5,bird,low
bird1261.wav,1,5,bird,low
bird1262.wav,1,5,bird,low
bird1263.wav,1,5,bird,low
bird1264.wav,1,5,bird,low
bird1265.wav,1,5,bird,low
bird1266.wav,1,5,bird,low
bird1267.wav,1,5,bird,low
bird1268.wav,1,5,bird,low
bird1269.wav,1,5,bird,low
bird127.wav,1,5,bird,low
bird1270.wav,1,5,bird,low
bird1271.wav,1,5,bird,low
bird1272.wav,1,5,bird,low
bird1273.wav,1,5,bird,low
bird1274.wav,1,5,bird,low
bird1275.wav,1,5,bird,low
bird1276.wav,1,5,bird,low
bird1277.wav,1,5,bird,low
bird1278.wav,1,5,bird,low
bird1279.wav,1,5,bird,low
bird128.wav,1,5,bird,low
bird1280.wav,1,5,bird,low
bird1281.wav,1,5,bird,low
bird1282.wav,1,5,bird,low
bird1283.wav,1,5,bird,low
bird1284.wav,1,5,bird,low
bird1285.wav,1,5,bird,low
bird1286.wav,1,5,bird,low
bird1287.wav,1,5,bird,low
bird1288.wav,1,5,bird,low
bird1289.wav,1,5,bird,low
bird129.wav,1,5,bird,low
bird1290.wav,1,5,bird,low
bird1291.wav,1,5,bird,low
bird1292.wav,1,5,bird,low
bird1293.wav,1,5,bird,low
bird1294.wav,1,5,bird,low
bird1295.wav,1,5,bird,low
bird1296.wav,1,5,bird,low
bird1297.wav,1,5,bird,low
bird1298.wav,1,5,bird,low
bird1299.wav,1,5,bird,low
bird13.wav,1,5,bird,low
bird130.wav,1,5,bird,low
bird1300.wav,1,5,bird,low
bird1301.wav,1,5,bird,low
bird1302.wav,1,5,bird,low
bird1303.wav,1,5,bird,low
bird1304.wav,1,5,bird,low
bird1305.wav,1,5,bird,low
bird1306.wav,1,5,bird,low
bird1307.wav,1,5,bird,low
bird1308.wav,1,5,bird,low
bird1309.wav,1,5,bird,low
bird131.wav,1,5,bird,low
bird1310.wav,1,5,bird,low
bird1311.wav,1,5,bird,low
bird1312.wav,1,5,bird,low
bird1313.wav,1,5,bird,low
bird1314.wav,1,5,bird,low
bird1315.wav,1,5,bird,low
bird1316.wav,1,5,bird,low
bird1317.wav,1,5,bird,low
bird1318.wav,1,5,bird,low
bird1319.wav,1,5,bird,low
bird132.wav,1,5,bird,low
bird1320.wav,1,5,bird,low
bird1321.wav,1,5,bird,low
bird1322.wav,1,5,bird,low
bird1323.wav,1,5,bird,low
bird1324.wav,1,5,bird,low
bird1325.wav,1,5,bird,low
bird1326.wav,1,5,bird,low
bird1327.wav,1,5,bird,low
bird1328.wav,1,5,bird,low
bird1329.wav,1,5,bird,low
bird133.wav,1,5,bird,low
bird1330.wav,1,5,bird,low
bird1331.wav,1,5,bird,low
bird1332.wav,1,5,bird,low
bird1333.wav,1,5,bird,low
bird1334.wav,1,5,bird,low
bird1335.wav,1,5,bird,low
bird1336.wav,1,5,bird,low
bird1337.wav,1,5,bird,low
bird1338.wav,1,5,bird,low
bird1339.wav,1,5,bird,low
bird134.wav,1,5,bird,low
bird1340.wav,1,5,bird,low
bird1341.wav,1,5,bird,low
bird1342.wav,1,5,bird,low
bird1343.wav,1,5,bird,low
bird1344.wav,1,5,bird,low
bird1345.wav,1,5,bird,low
bird1346.wav,1,5,bird,low
bird1347.wav,1,5,bird,low
bird1348.wav,1,5,bird,low
bird1349.wav,1,5,bird,low
bird135.wav,1,5,bird,low
bird1350.wav,1,5,bird,low
bird1351.wav,1,5,bird,low
bird1352.wav,1,5,bird,low
bird1353.wav,1,5,bird,low
bird1354.wav,1,5,bird,low
bird1355.wav,1,5,bird,low
bird1356.wav,1,5,bird,low
bird1357.wav,1,5,bird,low
bird1358.wav,1,5,bird,low
bird1359.wav,1,5,bird,low
bird136.wav,1,5,bird,low
bird1360.wav,1,5,bird,low
bird1361.wav,1,5,bird,low
bird1362.wav,1,5,bird,low
bird1363.wav,1,5,bird,low
bird1364.wav,1,5,bird,low
bird1365.wav,1,5,bird,low
bird1366.wav,1,5,bird,low
bird1367.wav,1,5,bird,low
bird1368.wav,1,5,bird,low
bird1369.wav,1,5,bird,low
bird137.wav,1,5,bird,low
bird1370.wav,1,5,bird,low
bird1371.wav,1,5,bird,low
bird1372.wav,1,5,bird,low
bird1373.wav,1,5,bird,low
bird1374.wav,1,5,bird,low
bird1375.wav,1,5,bird,low
bird1376.wav,1,5,bird,low
bird1377.wav,1,5,bird,low
bird1378.wav,1,5,bird,low
bird1379.wav,1,5,bird,low
bird138.wav,1,5,bird,low
bird1380.wav,1,5,bird,low
bird1381.wav,1,5,bird,low
bird1382.wav,1,5,bird,low
bird1383.wav,1,5,bird,low
bird1384.wav,1,5,bird,low
bird1385.wav,1,5,bird,low
bird1386.wav,1,5,bird,low
bird1387.wav,1,5,bird,low
bird1388.wav,1,5,bird,low
bird1389.wav,1,5,bird,low
bird139.wav,1,5,bird,low
bird1390.wav,1,5,bird,low
bird1391.wav,1,5,bird,low
bird1392.wav,1,5,bird,low
bird1393.wav,1,5,bird,low
bird1394.wav,1,5,bird,low
bird1395.wav,1,5,bird,low
bird1396.wav,1,5,bird,low
bird1397.wav,1,5,bird,low
bird1398.wav,1,5,bird,low
bird1399.wav,1,5,bird,low
bird14.wav,1,5,bird,low
bird140.wav,1,5,bird,low
bird1400.wav,1,5,bird,low
bird1401.wav,1,5,bird,low
bird1402.wav,1,5,bird,low
bird1403.wav,1,5,bird,low
bird1404.wav,1,5,bird,low
bird1405.wav,1,5,bird,low
bird1406.wav,1,5,bird,low
bird1407.wav,1,5,bird,low
bird1408.wav,1,5,bird,low
bird1409.wav,1,5,bird,low
bird141.wav,1,5,bird,low
bird1410.wav,1,5,bird,low
bird1411.wav,1,5,bird,low
bird1412.wav,1,5,bird,low
bird1413.wav,1,5,bird,low
bird1414.wav,1,5,bird,low
bird1415.wav,1,5,bird,low
bird1416.wav,1,5,bird,low
bird1417.wav,1,5,bird,low
bird1418.wav,1,5,bird,low
bird1419.wav,1,5,bird,low
bird142.wav,1,5,bird,low
bird1420.wav,1,5,bird,low
bird1421.wav,1,5,bird,low
bird1422.wav,1,5,bird,low
bird1423.wav,1,5,bird,low
bird1424.wav,1,5,bird,low
bird1425.wav,1,5,bird,low
bird1426.wav,1,5,bird,low
bird1427.wav,1,5,bird,low
bird1428.wav,1,5,bird,low
bird1429.wav,1,5,bird,low
bird143.wav,1,5,bird,low
bird1430.wav,1,5,bird,low
bird1431.wav,1,5,bird,low
bird1432.wav,1,5,bird,low
bird1433.wav,1,5,bird,low
bird1434.wav,1,5,bird,low
bird1435.wav,1,5,bird,low
bird1436.wav,1,5,bird,low
bird1437.wav,1,5,bird,low
bird1438.wav,1,5,bird,low
bird1439.wav,1,5,bird,low
bird144.wav,1,5,bird,low
bird1440.wav,1,5,bird,low
bird1441.wav,1,5,bird,low
bird1442.wav,1,5,bird,low
bird1443.wav,1,5,bird,low
bird1444.wav,1,5,bird,low
bird1445.wav,1,5,bird,low
bird1446.wav,1,5,bird,low
bird1447.wav,1,5,bird,low
bird1448.wav,1,5,bird,low
bird1449.wav,1,5,bird,low
bird145.wav,1,5,bird,low
bird1450.wav,1,5,bird,low
bird1451.wav,1,5,bird,low
bird1452.wav,1,5,bird,low
bird1453.wav,1,5,bird,low
bird1454.wav,1,5,bird,low
bird1455.wav,1,5,bird,low
bird1456.wav,1,5,bird,low
bird1457.wav,1,5,bird,low
bird1458.wav,1,5,bird,low
bird1459.wav,1,5,bird,low
bird146.wav,1,5,bird,low
bird1460.wav,1,5,bird,low
bird1461.wav,1,5,bird,low
bird1462.wav,1,5,bird,low
bird1463.wav,1,5,bird,low
bird1464.wav,1,5,bird,low
bird1465.wav,1,5,bird,low
bird1466.wav,1,5,bird,low
bird1467.wav,1,5,bird,low
bird1468.wav,1,5,bird,low
bird1469.wav,1,5,bird,low
bird147.wav,1,5,bird,low
bird1470.wav,1,5,bird,low
bird1471.wav,1,5,bird,low
bird1472.wav,1,5,bird,low
bird1473.wav,1,5,bird,low
bird1474.wav,1,5,bird,low
bird1475.wav,1,5,bird,low
bird1476.wav,1,5,bird,low
bird1477.wav,1,5,bird,low
bird1478.wav,1,5,bird,low
bird1479.wav,1,5,bird,low
bird148.wav,1,5,bird,low
bird1480.wav,1,5,bird,low
bird1481.wav,1,5,bird,low
bird1482.wav,1,5,bird,low
bird1483.wav,1,5,bird,low
bird1484.wav,1,5,bird,low
bird1485.wav,1,5,bird,low
bird1486.wav,1,5,bird,low
bird1487.wav,1,5,bird,low
bird1488.wav,1,5,bird,low
bird1489.wav,1,5,bird,low
bird149.wav,1,5,bird,low
bird1490.wav,1,5,bird,low
bird1491.wav,1,5,bird,low
bird1492.wav,1,5,bird,low
bird1493.wav,1,5,bird,low
bird1494.wav,1,5,bird,low
bird1495.wav,1,5,bird,low
bird1496.wav,1,5,bird,low
bird1497.wav,1,5,bird,low
bird1498.wav,1,5,bird,low
bird1499.wav,1,5,bird,low
bird15.wav,1,5,bird,low
bird150.wav,1,5,bird,low
bird1500.wav,1,5,bird,low
bird1501.wav,1,5,bird,low
bird1502.wav,1,5,bird,low
bird1503.wav,1,5,bird,low
bird1504.wav,1,5,bird,low
bird1505.wav,1,5,bird,low
bird1506.wav,1,5,bird,low
bird1507.wav,1,5,bird,low
bird1508.wav,1,5,bird,low
bird1509.wav,1,5,bird,low
bird151.wav,1,5,bird,low
bird1510.wav,1,5,bird,low
bird1511.wav,1,5,bird,low
bird1512.wav,1,5,bird,low
bird1513.wav,1,5,bird,low
bird1514.wav,1,5,bird,low
bird1515.wav,1,5,bird,low
bird1516.wav,1,5,bird,low
bird1517.wav,1,5,bird,low
bird1518.wav,1,5,bird,low
bird1519.wav,1,5,bird,low
bird152.wav,1,5,bird,low
bird1520.wav,1,5,bird,low
bird1521.wav,1,5,bird,low
bird1522.wav,1,5,bird,low
bird1523.wav,1,5,bird,low
bird1524.wav,1,5,bird,low
bird1525.wav,1,5,bird,low
bird1526.wav,1,5,bird,low
bird1527.wav,1,5,bird,low
bird1528.wav,1,5,bird,low
bird1529.wav,1,5,bird,low
bird153.wav,1,5,bird,low
bird1530.wav,1,5,bird,low
bird1531.wav,1,5,bird,low
bird1532.wav,1,5,bird,low
bird1533.wav,1,5,bird,low
bird1534.wav,1,5,bird,low
bird1535.wav,1,5,bird,low
bird1536.wav,1,5,bird,low
bird1537.wav,1,5,bird,low
bird1538.wav,1,5,bird,low
bird1539.wav,1,5,bird,low
bird154.wav,1,5,bird,low
bird1540.wav,1,5,bird,low
bird1541.wav,1,5,bird,low
bird1542.wav,1,5,bird,low
bird1543.wav,1,5,bird,low
bird1544.wav,1,5,bird,low
bird1545.wav,1,5,bird,low
bird1546.wav,1,5,bird,low
bird1547.wav,1,5,bird,low
bird1548.wav,1,5,bird,low
bird1549.wav,1,5,bird,low
bird155.wav,1,5,bird,low
bird1550.wav,1,5,bird,low
bird1551.wav,1,5,bird,low
bird1552.wav,1,5,bird,low
bird1553.wav,1,5,bird,low
bird1554.wav,1,5,bird,low
bird1555.wav,1,5,bird,low
bird1556.wav,1,5,bird,low
bird1557.wav,1,5,bird,low
bird1558.wav,1,5,bird,low
bird1559.wav,1,5,bird,low
bird156.wav,1,5,bird,low
bird1560.wav,1,5,bird,low
bird1561.wav,1,5,bird,low
bird1562.wav,1,5,bird,low
bird1563.wav,1,5,bird,low
bird1564.wav,1,5,bird,low
bird1565.wav,1,5,bird,low
bird1566.wav,1,5,bird,low
bird1567.wav,1,5,bird,low
bird1568.wav,1,5,bird,low
bird1569.wav,1,5,bird,low
bird157.wav,1,5,bird,low
bird1570.wav,1,5,bird,low
bird1571.wav,1,5,bird,low
bird1572.wav,1,5,bird,low
bird1573.wav,1,5,bird,low
bird1574.wav,1,5,bird,low
bird1575.wav,1,5,bird,low
bird1576.wav,1,5,bird,low
bird1577.wav,1,5,bird,low
bird1578.wav,1,5,bird,low
bird1579.wav,1,5,bird,low
bird158.wav,1,5,bird,low
bird1580.wav,1,5,bird,low
bird1581.wav,1,5,bird,low
bird1582.wav,1,5,bird,low
bird1583.wav,1,5,bird,low
bird1584.wav,1,5,bird,low
bird1585.wav,1,5,bird,low
bird1586.wav,1,5,bird,low
bird1587.wav,1,5,bird,low
bird1588.wav,1,5,bird,low
bird1589.wav,1,5,bird,low
bird159.wav,1,5,bird,low
bird1590.wav,1,5,bird,low
bird1591.wav,1,5,bird,low
bird1592.wav,1,5,bird,low
bird1593.wav,1,5,bird,low
bird1594.wav,1,5,bird,low
bird1595.wav,1,5,bird,low
bird1596.wav,1,5,bird,low
bird1597.wav,1,5,bird,low
bird1598.wav,1,5,bird,low
bird1599.wav,1,5,bird,low
bird16.wav,1,5,bird,low
bird160.wav,1,5,bird,low
bird1600.wav,1,5,bird,low
bird1601.wav,1,5,bird,low
bird1602.wav,1,5,bird,low
bird1603.wav,1,5,bird,low
bird1604.wav,1,5,bird,low
bird1605.wav,1,5,bird,low
bird1606.wav,1,5,bird,low
bird1607.wav,1,5,bird,low
bird1608.wav,1,5,bird,low
bird1609.wav,1,5,bird,low
bird161.wav,1,5,bird,low
bird1610.wav,1,5,bird,low
bird1611.wav,1,5,bird,low
bird1612.wav,1,5,bird,low
bird1613.wav,1,5,bird,low
bird1614.wav,1,5,bird,low
bird1615.wav,1,5,bird,low
bird1616.wav,1,5,bird,low
bird1617.wav,1,5,bird,low
bird1618.wav,1,5,bird,low
bird1619.wav,1,5,bird,low
bird162.wav,1,5,bird,low
bird1620.wav,1,5,bird,low
bird1621.wav,1,5,bird,low
bird1622.wav,1,5,bird,low
bird1623.wav,1,5,bird,low
bird1624.wav,1,5,bird,low
bird1625.wav,1,5,bird,low
bird1626.wav,1,5,bird,low
bird1627.wav,1,5,bird,low
bird1628.wav,1,5,bird,low
bird1629.wav,1,5,bird,low
bird163.wav,1,5,bird,low
bird1630.wav,1,5,bird,low
bird1631.wav,1,5,bird,low
bird1632.wav,1,5,bird,low
bird1633.wav,1,5,bird,low
bird1634.wav,1,5,bird,low
bird1635.wav,1,5,bird,low
bird1636.wav,1,5,bird,low
bird1637.wav,1,5,bird,low
bird1638.wav,1,5,bird,low
bird1639.wav,1,5,bird,low
bird164.wav,1,5,bird,low
bird1640.wav,1,5,bird,low
bird1641.wav,1,5,bird,low
bird1642.wav,1,5,bird,low
bird1643.wav,1,5,bird,low
bird1644.wav,1,5,bird,low
bird1645.wav,1,5,bird,low
bird1646.wav,1,5,bird,low
bird1647.wav,1,5,bird,low
bird1648.wav,1,5,bird,low
bird1649.wav,1,5,bird,low
bird165.wav,1,5,bird,low
bird1650.wav,1,5,bird,low
bird1651.wav,1,5,bird,low
bird1652.wav,1,5,bird,low
bird1653.wav,1,5,bird,low
bird1654.wav,1,5,bird,low
bird1655.wav,1,5,bird,low
bird1656.wav,1,5,bird,low
bird1657.wav,1,5,bird,low
bird1658.wav,1,5,bird,low
bird1659.wav,1,5,bird,low
bird166.wav,1,5,bird,low
bird1660.wav,1,5,bird,low
bird1661.wav,1,5,bird,low
bird1662.wav,1,5,bird,low
bird1663.wav,1,5,bird,low
bird1664.wav,1,5,bird,low
bird1665.wav,1,5,bird,low
bird1666.wav,1,5,bird,low
bird1667.wav,1,5,bird,low
bird1668.wav,1,5,bird,low
bird1669.wav,1,5,bird,low
bird167.wav,1,5,bird,low
bird1670.wav,1,5,bird,low
bird1671.wav,1,5,bird,low
bird1672.wav,1,5,bird,low
bird1673.wav,1,5,bird,low
bird1674.wav,1,5,bird,low
bird1675.wav,1,5,bird,low
bird1676.wav,1,5,bird,low
bird1677.wav,1,5,bird,low
bird1678.wav,1,5,bird,low
bird1679.wav,1,5,bird,low
bird168.wav,1,5,bird,low
bird1680.wav,1,5,bird,low
bird1681.wav,1,5,bird,low
bird1682.wav,1,5,bird,low
bird1683.wav,1,5,bird,low
bird1684.wav,1,5,bird,low
bird1685.wav,1,5,bird,low
bird1686.wav,1,5,bird,low
bird1687.wav,1,5,bird,low
bird1688.wav,1,5,bird,low
bird1689.wav,1,5,bird,low
bird169.wav,1,5,bird,low
bird1690.wav,1,5,bird,low
bird1691.wav,1,5,bird,low
bird1692.wav,1,5,bird,low
bird1693.wav,1,5,bird,low
bird1694.wav,1,5,bird,low
bird1695.wav,1,5,bird,low
bird1696.wav,1,5,bird,low
bird1697.wav,1,5,bird,low
bird1698.wav,1,5,bird,low
bird1699.wav,1,5,bird,low
bird17.wav,1,5,bird,low
bird170.wav,1,5,bird,low
bird1700.wav,1,5,bird,low
bird1701.wav,1,5,bird,low
bird1702.wav,1,5,bird,low
bird1703.wav,1,5,bird,low
bird1704.wav,1,5,bird,low
bird1705.wav,1,5,bird,low
bird1706.wav,1,5,bird,low
bird1707.wav,1,5,bird,low
bird1708.wav,1,5,bird,low
bird1709.wav,1,5,bird,low
bird171.wav,1,5,bird,low
bird1710.wav,1,5,bird,low
bird1711.wav,1,5,bird,low
bird1712.wav,1,5,bird,low
bird1713.wav,1,5,bird,low
bird1714.wav,1,5,bird,low
bird1715.wav,1,5,bird,low
bird1716.wav,1,5,bird,low
bird1717.wav,1,5,bird,low
bird1718.wav,1,5,bird,low
bird1719.wav,1,5,bird,low
bird172.wav,1,5,bird,low
bird1720.wav,1,5,bird,low
bird1721.wav,1,5,bird,low
bird1722.wav,1,5,bird,low
bird1723.wav,1,5,bird,low
bird1724.wav,1,5,bird,low
bird1725.wav,1,5,bird,low
bird1726.wav,1,5,bird,low
bird1727.wav,1,5,bird,low
bird1728.wav,1,5,bird,low
bird1729.wav,1,5,bird,low
bird173.wav,1,5,bird,low
bird1730.wav,1,5,bird,low
bird1731.wav,1,5,bird,low
bird1732.wav,1,5,bird,low
bird1733.wav,1,5,bird,low
bird1734.wav,1,5,bird,low
bird1735.wav,1,5,bird,low
bird1736.wav,1,5,bird,low
bird1737.wav,1,5,bird,low
bird1738.wav,1,5,bird,low
bird1739.wav,1,5,bird,low
bird174.wav,1,5,bird,low
bird1740.wav,1,5,bird,low
bird1741.wav,1,5,bird,low
bird1742.wav,1,5,bird,low
bird1743.wav,1,5,bird,low
bird1744.wav,1,5,bird,low
bird1745.wav,1,5,bird,low
bird1746.wav,1,5,bird,low
bird1747.wav,1,5,bird,low
bird1748.wav,1,5,bird,low
bird1749.wav,1,5,bird,low
bird175.wav,1,5,bird,low
bird1750.wav,1,5,bird,low
bird1751.wav,1,5,bird,low
bird1752.wav,1,5,bird,low
bird1753.wav,1,5,bird,low
bird1754.wav,1,5,bird,low
bird1755.wav,1,5,bird,low
bird1756.wav,1,5,bird,low
bird1757.wav,1,5,bird,low
bird1758.wav,1,5,bird,low
bird1759.wav,1,5,bird,low
bird176.wav,1,5,bird,low
bird1760.wav,1,5,bird,low
bird1761.wav,1,5,bird,low
bird1762.wav,1,5,bird,low
bird1763.wav,1,5,bird,low
bird1764.wav,1,5,bird,low
bird1765.wav,1,5,bird,low
bird1766.wav,1,5,bird,low
bird1767.wav,1,5,bird,low
bird1768.wav,1,5,bird,low
bird1769.wav,1,5,bird,low
bird177.wav,1,5,bird,low
bird1770.wav,1,5,bird,low
bird1771.wav,1,5,bird,low
bird1772.wav,1,5,bird,low
bird1773.wav,1,5,bird,low
bird1774.wav,1,5,bird,low
bird1775.wav,1,5,bird,low
bird1776.wav,1,5,bird,low
bird1777.wav,1,5,bird,low
bird1778.wav,1,5,bird,low
bird1779.wav,1,5,bird,low
bird178.wav,1,5,bird,low
bird1780.wav,1,5,bird,low
bird1781.wav,1,5,bird,low
bird1782.wav,1,5,bird,low
bird1783.wav,1,5,bird,low
bird1784.wav,1,5,bird,low
bird1785.wav,1,5,bird,low
bird1786.wav,1,5,bird,low
bird1787.wav,1,5,bird,low
bird1788.wav,1,5,bird,low
bird1789.wav,1,5,bird,low
bird179.wav,1,5,bird,low
bird1790.wav,1,5,bird,low
bird1791.wav,1,5,bird,low
bird1792.wav,1,5,bird,low
bird1793.wav,1,5,bird,low
bird1794.wav,1,5,bird,low
bird1795.wav,1,5,bird,low
bird1796.wav,1,5,bird,low
bird1797.wav,1,5,bird,low
bird1798.wav,1,5,bird,low
bird1799.wav,1,5,bird,low
bird18.wav,1,5,bird,low
bird180.wav,1,5,bird,low
bird1800.wav,1,5,bird,low
bird1801.wav,1,5,bird,low
bird1802.wav,1,5,bird,low
bird1803.wav,1,5,bird,low
bird1804.wav,1,5,bird,low
bird1805.wav,1,5,bird,low
bird1806.wav,1,5,bird,low
bird1807.wav,1,5,bird,low
bird1808.wav,1,5,bird,low
bird1809.wav,1,5,bird,low
bird181.wav,1,5,bird,low
bird1810.wav,1,5,bird,low
bird1811.wav,1,5,bird,low
bird1812.wav,1,5,bird,low
bird1813.wav,1,5,bird,low
bird1814.wav,1,5,bird,low
bird1815.wav,1,5,bird,low
bird1816.wav,1,5,bird,low
bird1817.wav,1,5,bird,low
bird1818.wav,1,5,bird,low
bird1819.wav,1,5,bird,low
bird182.wav,1,5,bird,low
bird1820.wav,1,5,bird,low
bird1821.wav,1,5,bird,low
bird1822.wav,1,5,bird,low
bird1823.wav,1,5,bird,low
bird1824.wav,1,5,bird,low
bird1825.wav,1,5,bird,low
bird1826.wav,1,5,bird,low
bird1827.wav,1,5,bird,low
bird1828.wav,1,5,bird,low
bird1829.wav,1,5,bird,low
bird183.wav,1,5,bird,low
bird1830.wav,1,5,bird,low
bird1831.wav,1,5,bird,low
bird1832.wav,1,5,bird,low
bird1833.wav,1,5,bird,low
bird1834.wav,1,5,bird,low
bird1835.wav,1,5,bird,low
bird1836.wav,1,5,bird,low
bird1837.wav,1,5,bird,low
bird1838.wav,1,5,bird,low
bird1839.wav,1,5,bird,low
bird184.wav,1,5,bird,low
bird1840.wav,1,5,bird,low
bird1841.wav,1,5,bird,low
bird1842.wav,1,5,bird,low
bird1843.wav,1,5,bird,low
bird1844.wav,1,5,bird,low
bird1845.wav,1,5,bird,low
bird1846.wav,1,5,bird,low
bird1847.wav,1,5,bird,low
bird1848.wav,1,5,bird,low
bird1849.wav,1,5,bird,low
bird185.wav,1,5,bird,low
bird1850.wav,1,5,bird,low
bird1851.wav,1,5,bird,low
bird1852.wav,1,5,bird,low
bird1853.wav,1,5,bird,low
bird1854.wav,1,5,bird,low
bird1855.wav,1,5,bird,low
bird1856.wav,1,5,bird,low
bird1857.wav,1,5,bird,low
bird1858.wav,1,5,bird,low
bird1859.wav,1,5,bird,low
bird186.wav,1,5,bird,low
bird1860.wav,1,5,bird,low
bird1861.wav,1,5,bird,low
bird1862.wav,1,5,bird,low
bird1863.wav,1,5,bird,low
bird1864.wav,1,5,bird,low
bird1865.wav,1,5,bird,low
bird1866.wav,1,5,bird,low
bird1867.wav,1,5,bird,low
bird1868.wav,1,5,bird,low
bird1869.wav,1,5,bird,low
bird187.wav,1,5,bird,low
bird1870.wav,1,5,bird,low
bird1871.wav,1,5,bird,low
bird1872.wav,1,5,bird,low
bird1873.wav,1,5,bird,low
bird1874.wav,1,5,bird,low
bird1875.wav,1,5,bird,low
bird1876.wav,1,5,bird,low
bird1877.wav,1,5,bird,low
bird1878.wav,1,5,bird,low
bird1879.wav,1,5,bird,low
bird188.wav,1,5,bird,low
bird1880.wav,1,5,bird,low
bird1881.wav,1,5,bird,low
bird1882.wav,1,5,bird,low
bird1883.wav,1,5,bird,low
bird1884.wav,1,5,bird,low
bird1885.wav,1,5,bird,low
bird1886.wav,1,5,bird,low
bird1887.wav,1,5,bird,low
bird1888.wav,1,5,bird,low
bird1889.wav,1,5,bird,low
bird189.wav,1,5,bird,low
bird1890.wav,1,5,bird,low
bird1891.wav,1,5,bird,low
bird1892.wav,1,5,bird,low
bird1893.wav,1,5,bird,low
bird1894.wav,1,5,bird,low
bird1895.wav,1,5,bird,low
bird1896.wav,1,5,bird,low
bird1897.wav,1,5,bird,low
siren1295.wav,1,4,siren,very high
siren1296.wav,1,4,siren,very high
siren1297.wav,1,4,siren,very high
siren1298.wav,1,4,siren,very high
siren1299.wav,1,4,siren,very high
siren13.wav,1,4,siren,very high
siren130.wav,1,4,siren,very high
siren1300.wav,1,4,siren,very high
siren1301.wav,1,4,siren,very high
siren1302.wav,1,4,siren,very high
siren1303.wav,1,4,siren,very high
siren1304.wav,1,4,siren,very high
siren1305.wav,1,4,siren,very high
siren1306.wav,1,4,siren,very high
siren1307.wav,1,4,siren,very high
siren1308.wav,1,4,siren,very high
siren1309.wav,1,4,siren,very high
siren131.wav,1,4,siren,very high
siren1310.wav,1,4,siren,very high
siren1311.wav,1,4,siren,very high
siren1312.wav,1,4,siren,very high
siren1313.wav,1,4,siren,very high
siren1314.wav,1,4,siren,very high
siren1315.wav,1,4,siren,very high
siren1316.wav,1,4,siren,very high
siren1317.wav,1,4,siren,very high
siren1318.wav,1,4,siren,very high
siren1319.wav,1,4,siren,very high
siren132.wav,1,4,siren,very high
siren1320.wav,1,4,siren,very high
siren1321.wav,1,4,siren,very high
siren1322.wav,1,4,siren,very high
siren1323.wav,1,4,siren,very high
siren1324.wav,1,4,siren,very high
siren1325.wav,1,4,siren,very high
siren1326.wav,1,4,siren,very high
siren1327.wav,1,4,siren,very high
siren1328.wav,1,4,siren,very high
siren1329.wav,1,4,siren,very high
siren133.wav,1,4,siren,very high
siren1330.wav,1,4,siren,very high
siren1331.wav,1,4,siren,very high
siren1332.wav,1,4,siren,very high
siren1333.wav,1,4,siren,very high
siren1334.wav,1,4,siren,very high
siren1335.wav,1,4,siren,very high
siren1336.wav,1,4,siren,very high
siren1337.wav,1,4,siren,very high
siren1338.wav,1,4,siren,very high
siren1339.wav,1,4,siren,very high
siren134.wav,1,4,siren,very high
siren1340.wav,1,4,siren,very high
siren1341.wav,1,4,siren,very high
siren1342.wav,1,4,siren,very high
siren1343.wav,1,4,siren,very high
siren1344.wav,1,4,siren,very high
siren1345.wav,1,4,siren,very high
siren1346.wav,1,4,siren,very high
siren1347.wav,1,4,siren,very high
siren1348.wav,1,4,siren,very high
siren1349.wav,1,4,siren,very high
siren135.wav,1,4,siren,very high
siren1350.wav,1,4,siren,very high
siren1351.wav,1,4,siren,very high
siren1352.wav,1,4,siren,very high
siren1353.wav,1,4,siren,very high
siren1354.wav,1,4,siren,very high
siren1355.wav,1,4,siren,very high
siren1356.wav,1,4,siren,very high
siren1357.wav,1,4,siren,very high
siren1358.wav,1,4,siren,very high
siren1359.wav,1,4,siren,very high
siren136.wav,1,4,siren,very high
siren1360.wav,1,4,siren,very high
siren1361.wav,1,4,siren,very high
siren1362.wav,1,4,siren,very high
siren1363.wav,1,4,siren,very high
siren1364.wav,1,4,siren,very high
siren1365.wav,1,4,siren,very high
siren1366.wav,1,4,siren,very high
siren1367.wav,1,4,siren,very high
siren1368.wav,1,4,siren,very high
siren1369.wav,1,4,siren,very high
siren137.wav,1,4,siren,very high
siren1370.wav,1,4,siren,very high
siren1371.wav,1,4,siren,very high
siren1372.wav,1,4,siren,very high
siren1373.wav,1,4,siren,very high
siren1374.wav,1,4,siren,very high
siren1375.wav,1,4,siren,very high
siren1376.wav,1,4,siren,very high
siren1377.wav,1,4,siren,very high
siren1378.wav,1,4,siren,very high
siren1379.wav,1,4,siren,very high
siren138.wav,1,4,siren,very high
siren1380.wav,1,4,siren,very high
siren1381.wav,1,4,siren,very high
siren1382.wav,1,4,siren,very high
siren1383.wav,1,4,siren,very high
siren1384.wav,1,4,siren,very high
siren1385.wav,1,4,siren,very high
siren1386.wav,1,4,siren,very high
siren1387.wav,1,4,siren,very high
siren1388.wav,1,4,siren,very high
siren1389.wav,1,4,siren,very high
siren139.wav,1,4,siren,very high
siren1390.wav,1,4,siren,very high
siren1391.wav,1,4,siren,very high
siren1392.wav,1,4,siren,very high
siren1393.wav,1,4,siren,very high
siren1394.wav,1,4,siren,very high
siren1395.wav,1,4,siren,very high
siren1396.wav,1,4,siren,very high
siren1397.wav,1,4,siren,very high
siren1398.wav,1,4,siren,very high
siren1399.wav,1,4,siren,very high
siren14.wav,1,4,siren,very high
siren140.wav,1,4,siren,very high
siren1400.wav,1,4,siren,very high
siren1401.wav,1,4,siren,very high
siren1402.wav,1,4,siren,very high
siren1403.wav,1,4,siren,very high
siren1404.wav,1,4,siren,very high
siren1405.wav,1,4,siren,very high
siren1406.wav,1,4,siren,very high
siren1407.wav,1,4,siren,very high
siren1408.wav,1,4,siren,very high
siren1409.wav,1,4,siren,very high
siren141.wav,1,4,siren,very high
siren1410.wav,1,4,siren,very high
siren1411.wav,1,4,siren,very high
siren1412.wav,1,4,siren,very high
siren1413.wav,1,4,siren,very high
siren1414.wav,1,4,siren,very high
siren1415.wav,1,4,siren,very high
siren1416.wav,1,4,siren,very high
siren1417.wav,1,4,siren,very high
siren1418.wav,1,4,siren,very high
siren1419.wav,1,4,siren,very high
siren142.wav,1,4,siren,very high
siren1420.wav,1,4,siren,very high
siren1421.wav,1,4,siren,very high
siren1422.wav,1,4,siren,very high
siren1423.wav,1,4,siren,very high
siren1424.wav,1,4,siren,very high
siren1425.wav,1,4,siren,very high
siren1426.wav,1,4,siren,very high
siren1427.wav,1,4,siren,very high
siren1428.wav,1,4,siren,very high
siren1429.wav,1,4,siren,very high
siren143.wav,1,4,siren,very high
siren1430.wav,1,4,siren,very high
siren1431.wav,1,4,siren,very high
siren1432.wav,1,4,siren,very high
siren1433.wav,1,4,siren,very high
siren1434.wav,1,4,siren,very high
siren1435.wav,1,4,siren,very high
siren1436.wav,1,4,siren,very high
siren1437.wav,1,4,siren,very high
siren1438.wav,1,4,siren,very high
siren1439.wav,1,4,siren,very high
siren144.wav,1,4,siren,very high
siren1440.wav,1,4,siren,very high
siren1441.wav,1,4,siren,very high
siren1442.wav,1,4,siren,very high
siren1443.wav,1,4,siren,very high
siren1444.wav,1,4,siren,very high
siren1445.wav,1,4,siren,very high
siren1446.wav,1,4,siren,very high
siren1447.wav,1,4,siren,very high
siren1448.wav,1,4,siren,very high
siren1449.wav,1,4,siren,very high
siren145.wav,1,4,siren,very high
siren1450.wav,1,4,siren,very high
siren1451.wav,1,4,siren,very high
siren1452.wav,1,4,siren,very high
siren1453.wav,1,4,siren,very high
siren1454.wav,1,4,siren,very high
siren1455.wav,1,4,siren,very high
siren1456.wav,1,4,siren,very high
siren1457.wav,1,4,siren,very high
siren1458.wav,1,4,siren,very high
siren1459.wav,1,4,siren,very high
siren146.wav,1,4,siren,very high
siren1460.wav,1,4,siren,very high
siren1461.wav,1,4,siren,very high
siren1462.wav,1,4,siren,very high
siren1463.wav,1,4,siren,very high
siren1464.wav,1,4,siren,very high
siren1465.wav,1,4,siren,very high
siren1466.wav,1,4,siren,very high
siren1467.wav,1,4,siren,very high
siren1468.wav,1,4,siren,very high
siren1469.wav,1,4,siren,very high
siren147.wav,1,4,siren,very high
siren1470.wav,1,4,siren,very high
siren1471.wav,1,4,siren,very high
siren1472.wav,1,4,siren,very high
siren1473.wav,1,4,siren,very high
siren1474.wav,1,4,siren,very high
siren1475.wav,1,4,siren,very high
siren1476.wav,1,4,siren,very high
siren1477.wav,1,4,siren,very high
siren1478.wav,1,4,siren,very high
siren1479.wav,1,4,siren,very high
siren148.wav,1,4,siren,very high
siren1480.wav,1,4,siren,very high
siren1481.wav,1,4,siren,very high
siren1482.wav,1,4,siren,very high
siren1483.wav,1,4,siren,very high
siren1484.wav,1,4,siren,very high
siren1485.wav,1,4,siren,very high
siren1486.wav,1,4,siren,very high
siren1487.wav,1,4,siren,very high
siren1488.wav,1,4,siren,very high
siren1489.wav,1,4,siren,very high
siren149.wav,1,4,siren,very high
siren1490.wav,1,4,siren,very high
siren1491.wav,1,4,siren,very high
siren1492.wav,1,4,siren,very high
siren1493.wav,1,4,siren,very high
siren1494.wav,1,4,siren,very high
siren1495.wav,1,4,siren,very high
siren1496.wav,1,4,siren,very high
siren1497.wav,1,4,siren,very high
siren1498.wav,1,4,siren,very high
siren1499.wav,1,4,siren,very high
siren15.wav,1,4,siren,very high
siren150.wav,1,4,siren,very high
siren1500.wav,1,4,siren,very high
siren1501.wav,1,4,siren,very high
siren1502.wav,1,4,siren,very high
siren1503.wav,1,4,siren,very high
siren1504.wav,1,4,siren,very high
siren1505.wav,1,4,siren,very high
siren1506.wav,1,4,siren,very high
siren1507.wav,1,4,siren,very high
siren1508.wav,1,4,siren,very high
siren1509.wav,1,4,siren,very high
siren151.wav,1,4,siren,very high
siren1510.wav,1,4,siren,very high
siren1511.wav,1,4,siren,very high
siren1512.wav,1,4,siren,very high
siren1513.wav,1,4,siren,very high
siren1514.wav,1,4,siren,very high
siren1515.wav,1,4,siren,very high
siren1516.wav,1,4,siren,very high
siren1517.wav,1,4,siren,very high
siren1518.wav,1,4,siren,very high
siren1519.wav,1,4,siren,very high
siren152.wav,1,4,siren,very high
siren1520.wav,1,4,siren,very high
siren1521.wav,1,4,siren,very high
siren1522.wav,1,4,siren,very high
siren1523.wav,1,4,siren,very high
siren1524.wav,1,4,siren,very high
siren1525.wav,1,4,siren,very high
siren1526.wav,1,4,siren,very high
siren1527.wav,1,4,siren,very high
siren1528.wav,1,4,siren,very high
siren1529.wav,1,4,siren,very high
siren153.wav,1,4,siren,very high
siren1530.wav,1,4,siren,very high
siren1531.wav,1,4,siren,very high
siren1532.wav,1,4,siren,very high
siren1533.wav,1,4,siren,very high
siren1534.wav,1,4,siren,very high
siren1535.wav,1,4,siren,very high
siren1536.wav,1,4,siren,very high
siren1537.wav,1,4,siren,very high
siren1538.wav,1,4,siren,very high
siren1539.wav,1,4,siren,very high
siren154.wav,1,4,siren,very high
siren1540.wav,1,4,siren,very high
siren1541.wav,1,4,siren,very high
siren1542.wav,1,4,siren,very high
siren1543.wav,1,4,siren,very high
siren1544.wav,1,4,siren,very high
siren1545.wav,1,4,siren,very high
siren1546.wav,1,4,siren,very high
siren1547.wav,1,4,siren,very high
siren1548.wav,1,4,siren,very high
siren1549.wav,1,4,siren,very high
siren155.wav,1,4,siren,very high
siren1550.wav,1,4,siren,very high
siren1551.wav,1,4,siren,very high
siren1552.wav,1,4,siren,very high
siren1553.wav,1,4,siren,very high
siren1554.wav,1,4,siren,very high
siren1555.wav,1,4,siren,very high
siren1556.wav,1,4,siren,very high
siren1557.wav,1,4,siren,very high
siren1558.wav,1,4,siren,very high
siren1559.wav,1,4,siren,very high
siren156.wav,1,4,siren,very high
siren1560.wav,1,4,siren,very high
siren1561.wav,1,4,siren,very high
siren1562.wav,1,4,siren,very high
siren1563.wav,1,4,siren,very high
siren1564.wav,1,4,siren,very high
siren1565.wav,1,4,siren,very high
siren1566.wav,1,4,siren,very high
siren1567.wav,1,4,siren,very high
siren1568.wav,1,4,siren,very high
siren1569.wav,1,4,siren,very high
siren157.wav,1,4,siren,very high
siren1570.wav,1,4,siren,very high
siren1571.wav,1,4,siren,very high
siren1572.wav,1,4,siren,very high
siren1573.wav,1,4,siren,very high
siren1574.wav,1,4,siren,very high
siren1575.wav,1,4,siren,very high
siren1576.wav,1,4,siren,very high
siren1577.wav,1,4,siren,very high
siren1578.wav,1,4,siren,very high
siren1579.wav,1,4,siren,very high
siren158.wav,1,4,siren,very high
siren1580.wav,1,4,siren,very high
siren1581.wav,1,4,siren,very high
siren1582.wav,1,4,siren,very high
siren1583.wav,1,4,siren,very high
siren1584.wav,1,4,siren,very high
siren1585.wav,1,4,siren,very high
siren1586.wav,1,4,siren,very high
siren1587.wav,1,4,siren,very high
siren1588.wav,1,4,siren,very high
siren1589.wav,1,4,siren,very high
siren159.wav,1,4,siren,very high
siren1590.wav,1,4,siren,very high
siren1591.wav,1,4,siren,very high
siren1592.wav,1,4,siren,very high
siren1593.wav,1,4,siren,very high
siren1594.wav,1,4,siren,very high
siren1595.wav,1,4,siren,very high
siren1596.wav,1,4,siren,very high
siren1597.wav,1,4,siren,very high
siren1598.wav,1,4,siren,very high
siren1599.wav,1,4,siren,very high
siren16.wav,1,4,siren,very high
siren160.wav,1,4,siren,very high
siren1600.wav,1,4,siren,very high
siren1601.wav,1,4,siren,very high
siren1602.wav,1,4,siren,very high
siren1603.wav,1,4,siren,very high
siren1604.wav,1,4,siren,very high
siren1605.wav,1,4,siren,very high
siren1606.wav,1,4,siren,very high
siren1607.wav,1,4,siren,very high
siren1608.wav,1,4,siren,very high
siren1609.wav,1,4,siren,very high
siren161.wav,1,4,siren,very high
siren1610.wav,1,4,siren,very high
siren1611.wav,1,4,siren,very high
siren1612.wav,1,4,siren,very high
siren1613.wav,1,4,siren,very high
siren1614.wav,1,4,siren,very high
siren1615.wav,1,4,siren,very high
siren1616.wav,1,4,siren,very high
siren1617.wav,1,4,siren,very high
siren1618.wav,1,4,siren,very high
siren1619.wav,1,4,siren,very high
siren162.wav,1,4,siren,very high
siren1620.wav,1,4,siren,very high
siren1621.wav,1,4,siren,very high
siren1622.wav,1,4,siren,very high
siren1623.wav,1,4,siren,very high
siren1624.wav,1,4,siren,very high
siren1625.wav,1,4,siren,very high
siren1626.wav,1,4,siren,very high
siren1627.wav,1,4,siren,very high
siren1628.wav,1,4,siren,very high
siren1629.wav,1,4,siren,very high
siren163.wav,1,4,siren,very high
siren1630.wav,1,4,siren,very high
siren1631.wav,1,4,siren,very high
siren1632.wav,1,4,siren,very high
siren1633.wav,1,4,siren,very high
siren1634.wav,1,4,siren,very high
siren1635.wav,1,4,siren,very high
siren1636.wav,1,4,siren,very high
siren1637.wav,1,4,siren,very high
siren1638.wav,1,4,siren,very high
siren1639.wav,1,4,siren,very high
siren164.wav,1,4,siren,very high
siren1640.wav,1,4,siren,very high
siren1641.wav,1,4,siren,very high
siren1642.wav,1,4,siren,very high
siren1643.wav,1,4,siren,very high
siren1644.wav,1,4,siren,very high
siren1645.wav,1,4,siren,very high
siren1646.wav,1,4,siren,very high
siren1647.wav,1,4,siren,very high
siren1648.wav,1,4,siren,very high
siren1649.wav,1,4,siren,very high
siren165.wav,1,4,siren,very high
siren1650.wav,1,4,siren,very high
siren1651.wav,1,4,siren,very high
siren1652.wav,1,4,siren,very high
siren1653.wav,1,4,siren,very high
siren1654.wav,1,4,siren,very high
siren1655.wav,1,4,siren,very high
siren1656.wav,1,4,siren,very high
siren1657.wav,1,4,siren,very high
siren1658.wav,1,4,siren,very high
siren1659.wav,1,4,siren,very high
siren166.wav,1,4,siren,very high
siren1660.wav,1,4,siren,very high
siren1661.wav,1,4,siren,very high
siren1662.wav,1,4,siren,very high
siren1663.wav,1,4,siren,very high
siren1664.wav,1,4,siren,very high
siren1665.wav,1,4,siren,very high
siren1666.wav,1,4,siren,very high
siren1667.wav,1,4,siren,very high
siren1668.wav,1,4,siren,very high
siren1669.wav,1,4,siren,very high
siren167.wav,1,4,siren,very high
siren1670.wav,1,4,siren,very high
siren1671.wav,1,4,siren,very high
siren1672.wav,1,4,siren,very high
siren1673.wav,1,4,siren,very high
siren1674.wav,1,4,siren,very high
siren1675.wav,1,4,siren,very high
siren1676.wav,1,4,siren,very high
siren1677.wav,1,4,siren,very high
siren1678.wav,1,4,siren,very high
siren1679.wav,1,4,siren,very high
siren168.wav,1,4,siren,very high
siren1680.wav,1,4,siren,very high
siren1681.wav,1,4,siren,very high
siren1682.wav,1,4,siren,very high
siren1683.wav,1,4,siren,very high
siren1684.wav,1,4,siren,very high
siren1685.wav,1,4,siren,very high
siren1686.wav,1,4,siren,very high
siren1687.wav,1,4,siren,very high
siren1688.wav,1,4,siren,very high
siren1689.wav,1,4,siren,very high
siren169.wav,1,4,siren,very high
siren1690.wav,1,4,siren,very high
siren1691.wav,1,4,siren,very high
siren1692.wav,1,4,siren,very high
siren1693.wav,1,4,siren,very high
siren1694.wav,1,4,siren,very high
siren1695.wav,1,4,siren,very high
siren1696.wav,1,4,siren,very high
siren1697.wav,1,4,siren,very high
siren1698.wav,1,4,siren,very high
siren1699.wav,1,4,siren,very high
siren17.wav,1,4,siren,very high
siren170.wav,1,4,siren,very high
siren1700.wav,1,4,siren,very high
siren1701.wav,1,4,siren,very high
siren1702.wav,1,4,siren,very high
siren1703.wav,1,4,siren,very high
siren1704.wav,1,4,siren,very high
siren1705.wav,1,4,siren,very high
siren1706.wav,1,4,siren,very high
siren1707.wav,1,4,siren,very high
siren1708.wav,1,4,siren,very high
siren1709.wav,1,4,siren,very high
siren171.wav,1,4,siren,very high
siren1710.wav,1,4,siren,very high
siren1711.wav,1,4,siren,very high
siren1712.wav,1,4,siren,very high
siren1713.wav,1,4,siren,very high
siren1714.wav,1,4,siren,very high
siren1715.wav,1,4,siren,very high
siren1716.wav,1,4,siren,very high
siren1717.wav,1,4,siren,very high
siren1718.wav,1,4,siren,very high
siren1719.wav,1,4,siren,very high
siren172.wav,1,4,siren,very high
siren1720.wav,1,4,siren,very high
siren1721.wav,1,4,siren,very high
siren1722.wav,1,4,siren,very high
siren1723.wav,1,4,siren,very high
siren1724.wav,1,4,siren,very high
siren1725.wav,1,4,siren,very high
siren1726.wav,1,4,siren,very high
siren1727.wav,1,4,siren,very high
siren1728.wav,1,4,siren,very high
siren1729.wav,1,4,siren,very high
siren173.wav,1,4,siren,very high
siren1730.wav,1,4,siren,very high
siren1731.wav,1,4,siren,very high
siren1732.wav,1,4,siren,very high
siren1733.wav,1,4,siren,very high
siren1734.wav,1,4,siren,very high
siren1735.wav,1,4,siren,very high
siren1736.wav,1,4,siren,very high
siren1737.wav,1,4,siren,very high
siren1738.wav,1,4,siren,very high
siren1739.wav,1,4,siren,very high
siren174.wav,1,4,siren,very high
siren1740.wav,1,4,siren,very high
siren1741.wav,1,4,siren,very high
siren1742.wav,1,4,siren,very high
siren1743.wav,1,4,siren,very high
siren1744.wav,1,4,siren,very high
siren1745.wav,1,4,siren,very high
siren1746.wav,1,4,siren,very high
siren1747.wav,1,4,siren,very high
siren1748.wav,1,4,siren,very high
siren1749.wav,1,4,siren,very high
siren175.wav,1,4,siren,very high
siren1750.wav,1,4,siren,very high
siren1751.wav,1,4,siren,very high
siren1752.wav,1,4,siren,very high
siren1753.wav,1,4,siren,very high
siren1754.wav,1,4,siren,very high
siren1755.wav,1,4,siren,very high
siren1756.wav,1,4,siren,very high
siren1757.wav,1,4,siren,very high
siren1758.wav,1,4,siren,very high
siren1759.wav,1,4,siren,very high
siren176.wav,1,4,siren,very high
siren1760.wav,1,4,siren,very high
siren1761.wav,1,4,siren,very high
siren1762.wav,1,4,siren,very high
siren1763.wav,1,4,siren,very high
siren1764.wav,1,4,siren,very high
siren1765.wav,1,4,siren,very high
siren1766.wav,1,4,siren,very high
siren1767.wav,1,4,siren,very high
siren1768.wav,1,4,siren,very high
siren1769.wav,1,4,siren,very high
siren177.wav,1,4,siren,very high
siren1770.wav,1,4,siren,very high
siren1771.wav,1,4,siren,very high
siren1772.wav,1,4,siren,very high
siren1773.wav,1,4,siren,very high
siren1774.wav,1,4,siren,very high
siren1775.wav,1,4,siren,very high
siren1776.wav,1,4,siren,very high
siren1777.wav,1,4,siren,very high
siren1778.wav,1,4,siren,very high
siren1779.wav,1,4,siren,very high
siren178.wav,1,4,siren,very high
siren1780.wav,1,4,siren,very high
siren1781.wav,1,4,siren,very high
siren1782.wav,1,4,siren,very high
siren1783.wav,1,4,siren,very high
siren1784.wav,1,4,siren,very high
siren1785.wav,1,4,siren,very high
siren1786.wav,1,4,siren,very high
siren1787.wav,1,4,siren,very high
siren1788.wav,1,4,siren,very high
siren1789.wav,1,4,siren,very high
siren179.wav,1,4,siren,very high
siren1790.wav,1,4,siren,very high
siren1791.wav,1,4,siren,very high
siren1792.wav,1,4,siren,very high
siren1793.wav,1,4,siren,very high
siren1794.wav,1,4,siren,very high
siren1795.wav,1,4,siren,very high
siren1796.wav,1,4,siren,very high
siren1797.wav,1,4,siren,very high
siren1798.wav,1,4,siren,very high
siren1799.wav,1,4,siren,very high
siren18.wav,1,4,siren,very high
siren180.wav,1,4,siren,very high
siren1800.wav,1,4,siren,very high
siren1801.wav,1,4,siren,very high
siren1802.wav,1,4,siren,very high
siren1803.wav,1,4,siren,very high
siren1804.wav,1,4,siren,very high
siren1805.wav,1,4,siren,very high
siren1806.wav,1,4,siren,very high
siren1807.wav,1,4,siren,very high
siren1808.wav,1,4,siren,very high
siren1809.wav,1,4,siren,very high
siren181.wav,1,4,siren,very high
siren1810.wav,1,4,siren,very high
siren1811.wav,1,4,siren,very high
siren1812.wav,1,4,siren,very high
siren1813.wav,1,4,siren,very high
siren1814.wav,1,4,siren,very high
siren1815.wav,1,4,siren,very high
siren1816.wav,1,4,siren,very high
siren1817.wav,1,4,siren,very high
siren1818.wav,1,4,siren,very high
siren1819.wav,1,4,siren,very high
siren182.wav,1,4,siren,very high
siren1820.wav,1,4,siren,very high
siren1821.wav,1,4,siren,very high
siren1822.wav,1,4,siren,very high
siren1823.wav,1,4,siren,very high
siren1824.wav,1,4,siren,very high
siren1825.wav,1,4,siren,very high
siren1826.wav,1,4,siren,very high
siren1827.wav,1,4,siren,very high
siren1828.wav,1,4,siren,very high
siren1829.wav,1,4,siren,very high
siren183.wav,1,4,siren,very high
siren1830.wav,1,4,siren,very high
siren1831.wav,1,4,siren,very high
siren1832.wav,1,4,siren,very high
siren1833.wav,1,4,siren,very high
siren1834.wav,1,4,siren,very high
siren1835.wav,1,4,siren,very high
siren1836.wav,1,4,siren,very high
siren1837.wav,1,4,siren,very high
siren1838.wav,1,4,siren,very high
siren1839.wav,1,4,siren,very high
siren184.wav,1,4,siren,very high
siren1840.wav,1,4,siren,very high
siren1841.wav,1,4,siren,very high
siren1842.wav,1,4,siren,very high
siren1843.wav,1,4,siren,very high
siren1844.wav,1,4,siren,very high
siren1845.wav,1,4,siren,very high
siren1846.wav,1,4,siren,very high
siren1847.wav,1,4,siren,very high
siren1848.wav,1,4,siren,very high
siren1849.wav,1,4,siren,very high
siren185.wav,1,4,siren,very high
siren1850.wav,1,4,siren,very high
siren1851.wav,1,4,siren,very high
siren1852.wav,1,4,siren,very high
siren1853.wav,1,4,siren,very high
siren1854.wav,1,4,siren,very high
siren1855.wav,1,4,siren,very high
siren1856.wav,1,4,siren,very high
siren1857.wav,1,4,siren,very high
siren1858.wav,1,4,siren,very high
siren1859.wav,1,4,siren,very high
siren186.wav,1,4,siren,very high
siren1860.wav,1,4,siren,very high
siren1861.wav,1,4,siren,very high
siren1862.wav,1,4,siren,very high
siren1863.wav,1,4,siren,very high
siren1864.wav,1,4,siren,very high
siren1865.wav,1,4,siren,very high
siren1866.wav,1,4,siren,very high
siren1867.wav,1,4,siren,very high
siren1868.wav,1,4,siren,very high
siren1869.wav,1,4,siren,very high
siren187.wav,1,4,siren,very high
siren1870.wav,1,4,siren,very high
siren1871.wav,1,4,siren,very high
siren1872.wav,1,4,siren,very high
siren1873.wav,1,4,siren,very high
siren1874.wav,1,4,siren,very high
siren1875.wav,1,4,siren,very high
siren1876.wav,1,4,siren,very high
siren1877.wav,1,4,siren,very high
siren1878.wav,1,4,siren,very high
siren1879.wav,1,4,siren,very high
siren188.wav,1,4,siren,very high
siren1880.wav,1,4,siren,very high
siren1881.wav,1,4,siren,very high
siren1882.wav,1,4,siren,very high
siren1883.wav,1,4,siren,very high
siren1884.wav,1,4,siren,very high
siren1885.wav,1,4,siren,very high
siren1886.wav,1,4,siren,very high
siren1887.wav,1,4,siren,very high
siren1888.wav,1,4,siren,very high
siren1889.wav,1,4,siren,very high
siren189.wav,1,4,siren,very high
siren1890.wav,1,4,siren,very high
siren1891.wav,1,4,siren,very high
siren1892.wav,1,4,siren,very high
siren1893.wav,1,4,siren,very high
siren1894.wav,1,4,siren,very high
siren1895.wav,1,4,siren,very high
siren1896.wav,1,4,siren,very high
siren1897.wav,1,4,siren,very high
siren1898.wav,1,4,siren,very high
siren1899.wav,1,4,siren,very high
siren19.wav,1,4,siren,very high
siren190.wav,1,4,siren,very high
siren1900.wav,1,4,siren,very high
siren1901.wav,1,4,siren,very high
siren1902.wav,1,4,siren,very high
siren1903.wav,1,4,siren,very high
siren1904.wav,1,4,siren,very high
siren1905.wav,1,4,siren,very high
siren1906.wav,1,4,siren,very high
siren1907.wav,1,4,siren,very high
siren1908.wav,1,4,siren,very high
siren1909.wav,1,4,siren,very high
siren191.wav,1,4,siren,very high
siren1910.wav,1,4,siren,very high
siren1911.wav,1,4,siren,very high
siren1912.wav,1,4,siren,very high
siren1913.wav,1,4,siren,very high
siren1914.wav,1,4,siren,very high
siren1915.wav,1,4,siren,very high
siren1916.wav,1,4,siren,very high
siren1917.wav,1,4,siren,very high
siren1918.wav,1,4,siren,very high
siren1919.wav,1,4,siren,very high
siren192.wav,1,4,siren,very high
siren1920.wav,1,4,siren,very high
siren1921.wav,1,4,siren,very high
siren1922.wav,1,4,siren,very high
siren1923.wav,1,4,siren,very high
siren1924.wav,1,4,siren,very high
siren1925.wav,1,4,siren,very high
siren1926.wav,1,4,siren,very high
siren1927.wav,1,4,siren,very high
siren1928.wav,1,4,siren,very high
siren1929.wav,1,4,siren,very high
siren193.wav,1,4,siren,very high
siren1930.wav,1,4,siren,very high
siren1931.wav,1,4,siren,very high
siren1932.wav,1,4,siren,very high
siren1933.wav,1,4,siren,very high
siren1934.wav,1,4,siren,very high
siren1935.wav,1,4,siren,very high
siren1936.wav,1,4,siren,very high
siren1937.wav,1,4,siren,very high
siren1938.wav,1,4,siren,very high
siren1939.wav,1,4,siren,very high
siren194.wav,1,4,siren,very high
siren1940.wav,1,4,siren,very high
siren1941.wav,1,4,siren,very high
siren1942.wav,1,4,siren,very high
siren1943.wav,1,4,siren,very high
siren1944.wav,1,4,siren,very high
siren1945.wav,1,4,siren,very high
siren1946.wav,1,4,siren,very high
siren1947.wav,1,4,siren,very high
siren1948.wav,1,4,siren,very high
siren1949.wav,1,4,siren,very high
siren195.wav,1,4,siren,very high
siren1950.wav,1,4,siren,very high
siren1951.wav,1,4,siren,very high
siren1952.wav,1,4,siren,very high
siren1953.wav,1,4,siren,very high
siren1954.wav,1,4,siren,very high
siren1955.wav,1,4,siren,very high
siren1956.wav,1,4,siren,very high
siren1957.wav,1,4,siren,very high
siren1958.wav,1,4,siren,very high
siren1959.wav,1,4,siren,very high
siren196.wav,1,4,siren,very high
siren1960.wav,1,4,siren,very high
siren1961.wav,1,4,siren,very high
siren1962.wav,1,4,siren,very high
siren1963.wav,1,4,siren,very high
siren1964.wav,1,4,siren,very high
siren1965.wav,1,4,siren,very high
siren1966.wav,1,4,siren,very high
siren1967.wav,1,4,siren,very high
siren1968.wav,1,4,siren,very high
siren1969.wav,1,4,siren,very high
siren197.wav,1,4,siren,very high
siren1970.wav,1,4,siren,very high
siren1971.wav,1,4,siren,very high
siren1972.wav,1,4,siren,very high
siren1973.wav,1,4,siren,very high
siren1974.wav,1,4,siren,very high
siren1975.wav,1,4,siren,very high
siren1976.wav,1,4,siren,very high
siren1977.wav,1,4,siren,very high
siren1978.wav,1,4,siren,very high
siren1979.wav,1,4,siren,very high
siren198.wav,1,4,siren,very high
siren1980.wav,1,4,siren,very high
siren1981.wav,1,4,siren,very high
siren1982.wav,1,4,siren,very high
siren1983.wav,1,4,siren,very high
siren1984.wav,1,4,siren,very high
siren1985.wav,1,4,siren,very high
siren1986.wav,1,4,siren,very high
siren1987.wav,1,4,siren,very high
siren1988.wav,1,4,siren,very high
siren1989.wav,1,4,siren,very high
siren199.wav,1,4,siren,very high
siren1990.wav,1,4,siren,very high
siren1991.wav,1,4,siren,very high
siren1992.wav,1,4,siren,very high
siren1993.wav,1,4,siren,very high
siren1994.wav,1,4,siren,very high
siren1995.wav,1,4,siren,very high
siren1996.wav,1,4,siren,very high
siren1997.wav,1,4,siren,very high
siren1998.wav,1,4,siren,very high
siren1999.wav,1,4,siren,very high
siren2.wav,1,4,siren,very high
siren20.wav,1,4,siren,very high
siren200.wav,1,4,siren,very high
siren2000.wav,1,4,siren,very high
siren2001.wav,1,4,siren,very high
siren2002.wav,1,4,siren,very high
siren2003.wav,1,4,siren,very high
siren2004.wav,1,4,siren,very high
siren2005.wav,1,4,siren,very high
siren2006.wav,1,4,siren,very high
siren2007.wav,1,4,siren,very high
siren2008.wav,1,4,siren,very high
siren2009.wav,1,4,siren,very high
siren201.wav,1,4,siren,very high
siren2010.wav,1,4,siren,very high
siren2011.wav,1,4,siren,very high
siren2012.wav,1,4,siren,very high
siren2013.wav,1,4,siren,very high
siren2014.wav,1,4,siren,very high
siren2015.wav,1,4,siren,very high
siren2016.wav,1,4,siren,very high
siren2017.wav,1,4,siren,very high
siren2018.wav,1,4,siren,very high
siren2019.wav,1,4,siren,very high
siren202.wav,1,4,siren,very high
siren2020.wav,1,4,siren,very high
siren2021.wav,1,4,siren,very high
siren2022.wav,1,4,siren,very high
siren2023.wav,1,4,siren,very high
siren2024.wav,1,4,siren,very high
siren2025.wav,1,4,siren,very high
siren2026.wav,1,4,siren,very high
siren2027.wav,1,4,siren,very high
siren2028.wav,1,4,siren,very high
siren2029.wav,1,4,siren,very high
siren203.wav,1,4,siren,very high
siren2030.wav,1,4,siren,very high
siren2031.wav,1,4,siren,very high
siren2032.wav,1,4,siren,very high
siren2033.wav,1,4,siren,very high
siren2034.wav,1,4,siren,very high
siren2035.wav,1,4,siren,very high
siren2036.wav,1,4,siren,very high
siren2037.wav,1,4,siren,very high
siren2038.wav,1,4,siren,very high
siren2039.wav,1,4,siren,very high
siren204.wav,1,4,siren,very high
siren2040.wav,1,4,siren,very high
siren2041.wav,1,4,siren,very high
siren2042.wav,1,4,siren,very high
siren2043.wav,1,4,siren,very high
siren2044.wav,1,4,siren,very high
siren2045.wav,1,4,siren,very high
siren2046.wav,1,4,siren,very high
siren2047.wav,1,4,siren,very high
siren2048.wav,1,4,siren,very high
siren2049.wav,1,4,siren,very high
siren205.wav,1,4,siren,very high
siren2050.wav,1,4,siren,very high
siren2051.wav,1,4,siren,very high
siren2052.wav,1,4,siren,very high
siren2053.wav,1,4,siren,very high
siren2054.wav,1,4,siren,very high
siren2055.wav,1,4,siren,very high
siren2056.wav,1,4,siren,very high
siren2057.wav,1,4,siren,very high
siren2058.wav,1,4,siren,very high
siren2059.wav,1,4,siren,very high
siren206.wav,1,4,siren,very high
siren2060.wav,1,4,siren,very high
siren2061.wav,1,4,siren,very high
siren2062.wav,1,4,siren,very high
siren2063.wav,1,4,siren,very high
siren2064.wav,1,4,siren,very high
siren2065.wav,1,4,siren,very high
siren2066.wav,1,4,siren,very high
siren2067.wav,1,4,siren,very high
siren2068.wav,1,4,siren,very high
siren2069.wav,1,4,siren,very high
siren207.wav,1,4,siren,very high
siren2070.wav,1,4,siren,very high
siren2071.wav,1,4,siren,very high
siren2072.wav,1,4,siren,very high
siren2073.wav,1,4,siren,very high
siren2074.wav,1,4,siren,very high
siren2075.wav,1,4,siren,very high
siren2076.wav,1,4,siren,very high
siren2077.wav,1,4,siren,very high
siren2078.wav,1,4,siren,very high
siren2079.wav,1,4,siren,very high
siren208.wav,1,4,siren,very high
siren2080.wav,1,4,siren,very high
siren2081.wav,1,4,siren,very high
siren2082.wav,1,4,siren,very high
siren2083.wav,1,4,siren,very high
siren2084.wav,1,4,siren,very high
siren2085.wav,1,4,siren,very high
siren2086.wav,1,4,siren,very high
siren2087.wav,1,4,siren,very high
siren2088.wav,1,4,siren,very high
siren2089.wav,1,4,siren,very high
siren209.wav,1,4,siren,very high
siren2090.wav,1,4,siren,very high
siren2091.wav,1,4,siren,very high
siren2092.wav,1,4,siren,very high
siren2093.wav,1,4,siren,very high
siren2094.wav,1,4,siren,very high
siren2095.wav,1,4,siren,very high
siren2096.wav,1,4,siren,very high
siren2097.wav,1,4,siren,very high
siren2098.wav,1,4,siren,very high
siren2099.wav,1,4,siren,very high
siren21.wav,1,4,siren,very high
siren210.wav,1,4,siren,very high
siren2100.wav,1,4,siren,very high
siren2101.wav,1,4,siren,very high
siren2102.wav,1,4,siren,very high
siren2103.wav,1,4,siren,very high
siren2104.wav,1,4,siren,very high
siren2105.wav,1,4,siren,very high
siren2106.wav,1,4,siren,very high
siren2107.wav,1,4,siren,very high
siren2108.wav,1,4,siren,very high
siren2109.wav,1,4,siren,very high
siren211.wav,1,4,siren,very high
siren2110.wav,1,4,siren,very high
siren2111.wav,1,4,siren,very high
siren2112.wav,1,4,siren,very high
siren2113.wav,1,4,siren,very high
siren2114.wav,1,4,siren,very high
siren2115.wav,1,4,siren,very high
siren2116.wav,1,4,siren,very high
siren2117.wav,1,4,siren,very high
siren2118.wav,1,4,siren,very high
siren2119.wav,1,4,siren,very high
siren212.wav,1,4,siren,very high
siren2120.wav,1,4,siren,very high
siren2121.wav,1,4,siren,very high
siren2122.wav,1,4,siren,very high
siren2123.wav,1,4,siren,very high
siren2124.wav,1,4,siren,very high
siren2125.wav,1,4,siren,very high
siren2126.wav,1,4,siren,very high
siren2127.wav,1,4,siren,very high
siren2128.wav,1,4,siren,very high
siren2129.wav,1,4,siren,very high
siren213.wav,1,4,siren,very high
siren2130.wav,1,4,siren,very high
siren2131.wav,1,4,siren,very high
siren2132.wav,1,4,siren,very high
siren2133.wav,1,4,siren,very high
siren2134.wav,1,4,siren,very high
siren2135.wav,1,4,siren,very high
siren2136.wav,1,4,siren,very high
siren2137.wav,1,4,siren,very high
siren2138.wav,1,4,siren,very high
siren2139.wav,1,4,siren,very high
siren214.wav,1,4,siren,very high
siren2140.wav,1,4,siren,very high
siren2141.wav,1,4,siren,very high
siren2142.wav,1,4,siren,very high
siren2143.wav,1,4,siren,very high
siren2144.wav,1,4,siren,very high
siren2145.wav,1,4,siren,very high
siren2146.wav,1,4,siren,very high
siren2147.wav,1,4,siren,very high
siren2148.wav,1,4,siren,very high
siren2149.wav,1,4,siren,very high
siren215.wav,1,4,siren,very high
siren2150.wav,1,4,siren,very high
siren2151.wav,1,4,siren,very high
siren2152.wav,1,4,siren,very high
siren2153.wav,1,4,siren,very high
siren2154.wav,1,4,siren,very high
siren2155.wav,1,4,siren,very high
siren2156.wav,1,4,siren,very high
siren2157.wav,1,4,siren,very high
siren2158.wav,1,4,siren,very high
siren2159.wav,1,4,siren,very high
siren216.wav,1,4,siren,very high
siren2160.wav,1,4,siren,very high
siren2161.wav,1,4,siren,very high
siren2162.wav,1,4,siren,very high
siren2163.wav,1,4,siren,very high
siren2164.wav,1,4,siren,very high
siren2165.wav,1,4,siren,very high
siren2166.wav,1,4,siren,very high
siren2167.wav,1,4,siren,very high
siren2168.wav,1,4,siren,very high
siren2169.wav,1,4,siren,very high
siren217.wav,1,4,siren,very high
siren2170.wav,1,4,siren,very high
siren2171.wav,1,4,siren,very high
siren2172.wav,1,4,siren,very high
siren2173.wav,1,4,siren,very high
siren2174.wav,1,4,siren,very high
siren2175.wav,1,4,siren,very high
siren2176.wav,1,4,siren,very high
siren2177.wav,1,4,siren,very high
siren2178.wav,1,4,siren,very high
siren2179.wav,1,4,siren,very high
siren218.wav,1,4,siren,very high
siren2180.wav,1,4,siren,very high
siren2181.wav,1,4,siren,very high
siren2182.wav,1,4,siren,very high
siren2183.wav,1,4,siren,very high
siren2184.wav,1,4,siren,very high
siren2185.wav,1,4,siren,very high
siren2186.wav,1,4,siren,very high
siren2187.wav,1,4,siren,very high
siren2188.wav,1,4,siren,very high
siren2189.wav,1,4,siren,very high
siren219.wav,1,4,siren,very high
siren2190.wav,1,4,siren,very high
siren2191.wav,1,4,siren,very high
siren2192.wav,1,4,siren,very high
siren2193.wav,1,4,siren,very high
